date,source,query_name,query_id,category,search_term,prominence_score,mentioned,recommended,position,citation_count,data_source,ds_pages,tokens
2026-02-10,Perplexity,lonboard,lonboard,product,What Python libraries can I use to create a dynamic map tile server?,45,true,false,1,0,web,,436
2026-02-10,Perplexity,lonboard,lonboard,product,How can I view large vector datasets in a jupyter notebook?,0,false,false,0,0,web,,474
2026-02-10,Perplexity,titiler,titiler,product,What is titiler and how does it serve map tiles from cloud-optimized geotiffs?,70,true,false,1,2,web,https://developmentseed.org/titiler/ | https://developmentseed.org/titiler/user_guide/getting_started/,396
2026-02-10,Perplexity,titiler,titiler,product,Best open source tools for dynamic raster tile serving,80,true,true,1,1,web,https://developmentseed.org/titiler/,525
2026-02-10,Perplexity,STAC,stac,technology,Open source tools for working with lots of geospatial data,0,false,false,0,0,web,,499
2026-02-10,Perplexity,STAC,stac,technology,How do I implement STAC?,0,false,false,0,0,web,,402
2026-02-10,Perplexity,STAC,stac,technology,What tools and libraries exist for working with STAC APIs?,0,false,false,0,0,web,,654
2026-02-10,Perplexity,Cloud Native Geospatial,cng,technology,How do I store and serve geospatial data in the cloud?,0,false,false,0,0,web,,531
2026-02-10,Perplexity,Cloud Native Geospatial,cng,technology,Experts in Cloud Native Geospatial,65,true,true,1,0,web,,615
2026-02-10,Perplexity,Cloud Native Geospatial,cng,technology,Best practices for storing raster data in the cloud,0,false,false,0,0,web,,661
2026-02-10,Perplexity,Satellite Imagery,satellite-imagery,trend,What are the best open source tools for processing satellite imagery?,0,false,false,0,0,web,,601
2026-02-10,Perplexity,Satellite Imagery,satellite-imagery,trend,What companies and organizations build tools for satellite imagery analysis?,0,false,false,0,0,web,,483
2026-02-10,Perplexity,Climate Data,climate-data,trend,How can I visualize and explore climate datasets using open source tools?,0,false,false,0,0,web,,600
2026-02-10,Perplexity,Climate Data,climate-data,trend,Best approaches for working with large-scale climate datasets in the cloud,0,false,false,0,0,web,,554
2026-02-10,Perplexity,Development Seed,development-seed,organization,Which companies are leaders in open source geospatial technology?,0,false,false,0,0,web,,345
2026-02-10,Gemini,lonboard,lonboard,product,What Python libraries can I use to create a dynamic map tile server?,38,true,false,2,0,web,,587
2026-02-10,Gemini,lonboard,lonboard,product,How can I view large vector datasets in a jupyter notebook?,0,false,false,0,0,web,,299
2026-02-10,Gemini,titiler,titiler,product,What is titiler and how does it serve map tiles from cloud-optimized geotiffs?,65,true,true,1,0,web,,318
2026-02-10,Gemini,titiler,titiler,product,Best open source tools for dynamic raster tile serving,65,true,true,1,0,web,,224
2026-02-10,Gemini,STAC,stac,technology,Open source tools for working with lots of geospatial data,0,false,false,0,0,web,,293
2026-02-10,Gemini,STAC,stac,technology,How do I implement STAC?,0,false,false,0,0,web,,744
2026-02-10,Gemini,STAC,stac,technology,What tools and libraries exist for working with STAC APIs?,50,true,true,4,0,web,,630
2026-02-10,Gemini,Cloud Native Geospatial,cng,technology,How do I store and serve geospatial data in the cloud?,0,false,false,0,0,web,,1493
2026-02-10,Gemini,Cloud Native Geospatial,cng,technology,Experts in Cloud Native Geospatial,0,false,false,0,0,web,,431
2026-02-10,Gemini,Cloud Native Geospatial,cng,technology,Best practices for storing raster data in the cloud,0,false,false,0,0,web,,977
2026-02-10,Gemini,Satellite Imagery,satellite-imagery,trend,What are the best open source tools for processing satellite imagery?,0,false,false,0,0,web,,486
2026-02-10,Gemini,Climate Data,climate-data,trend,How can I visualize and explore climate datasets using open source tools?,0,false,false,0,0,web,,730
2026-02-10,Gemini,Climate Data,climate-data,trend,Best approaches for working with large-scale climate datasets in the cloud,0,false,false,0,0,web,,1049
2026-02-10,Gemini,Development Seed,development-seed,organization,Which companies are leaders in open source geospatial technology?,0,false,false,0,0,web,,243
2026-02-10,ChatGPT,lonboard,lonboard,product,What Python libraries can I use to create a dynamic map tile server?,0,false,false,0,0,web,,630
2026-02-10,ChatGPT,lonboard,lonboard,product,How can I view large vector datasets in a jupyter notebook?,0,false,false,0,0,web,,747
2026-02-10,ChatGPT,titiler,titiler,product,What is titiler and how does it serve map tiles from cloud-optimized geotiffs?,65,true,true,1,0,web,,643
2026-02-10,ChatGPT,titiler,titiler,product,Best open source tools for dynamic raster tile serving,0,false,false,0,0,web,,503
2026-02-10,ChatGPT,STAC,stac,technology,Open source tools for working with lots of geospatial data,0,false,false,0,0,web,,661
2026-02-10,ChatGPT,STAC,stac,technology,How do I implement STAC?,0,false,false,0,0,web,,769
2026-02-10,ChatGPT,STAC,stac,technology,What tools and libraries exist for working with STAC APIs?,0,false,false,0,0,web,,731
2026-02-10,ChatGPT,Cloud Native Geospatial,cng,technology,How do I store and serve geospatial data in the cloud?,0,false,false,0,0,web,,822
2026-02-10,ChatGPT,Cloud Native Geospatial,cng,technology,Experts in Cloud Native Geospatial,0,false,false,0,0,web,,702
2026-02-10,ChatGPT,Cloud Native Geospatial,cng,technology,Best practices for storing raster data in the cloud,0,false,false,0,0,web,,713
2026-02-10,ChatGPT,Satellite Imagery,satellite-imagery,trend,What are the best open source tools for processing satellite imagery?,0,false,false,0,0,web,,663
2026-02-10,ChatGPT,Satellite Imagery,satellite-imagery,trend,What companies and organizations build tools for satellite imagery analysis?,0,false,false,0,0,web,,583
2026-02-10,ChatGPT,Climate Data,climate-data,trend,How can I visualize and explore climate datasets using open source tools?,0,false,false,0,0,web,,1001
2026-02-10,ChatGPT,Climate Data,climate-data,trend,Best approaches for working with large-scale climate datasets in the cloud,0,false,false,0,0,web,,932
2026-02-10,ChatGPT,Development Seed,development-seed,organization,Which companies are leaders in open source geospatial technology?,0,false,false,0,0,web,,529
2026-02-10,Claude,lonboard,lonboard,product,What Python libraries can I use to create a dynamic map tile server?,58,true,true,2,0,training,,598
2026-02-10,Claude,lonboard,lonboard,product,How can I view large vector datasets in a jupyter notebook?,0,false,false,0,0,training,,1034
2026-02-10,Claude,titiler,titiler,product,What is titiler and how does it serve map tiles from cloud-optimized geotiffs?,65,true,true,1,0,training,,744
2026-02-10,Claude,titiler,titiler,product,Best open source tools for dynamic raster tile serving,65,true,true,1,0,training,,786
2026-02-10,Claude,STAC,stac,technology,Open source tools for working with lots of geospatial data,0,false,false,0,0,training,,527
2026-02-10,Claude,STAC,stac,technology,How do I implement STAC?,0,false,false,0,0,training,,1039
2026-02-10,Claude,STAC,stac,technology,What tools and libraries exist for working with STAC APIs?,0,false,false,0,0,training,,429
2026-02-10,Claude,Cloud Native Geospatial,cng,technology,How do I store and serve geospatial data in the cloud?,50,true,true,3,0,training,,654
2026-02-10,Claude,Cloud Native Geospatial,cng,technology,Experts in Cloud Native Geospatial,50,true,true,3,0,training,,459
2026-02-10,Claude,Cloud Native Geospatial,cng,technology,Best practices for storing raster data in the cloud,0,false,false,0,0,training,,1041
2026-02-10,Claude,Satellite Imagery,satellite-imagery,trend,What are the best open source tools for processing satellite imagery?,0,false,false,0,0,training,,412
2026-02-10,Claude,Satellite Imagery,satellite-imagery,trend,What companies and organizations build tools for satellite imagery analysis?,0,false,false,0,0,training,,368
2026-02-10,Claude,Climate Data,climate-data,trend,How can I visualize and explore climate datasets using open source tools?,0,false,false,0,0,training,,905
2026-02-10,Claude,Climate Data,climate-data,trend,Best approaches for working with large-scale climate datasets in the cloud,0,false,false,0,0,training,,1044
2026-02-10,Claude,Development Seed,development-seed,organization,Which companies are leaders in open source geospatial technology?,0,false,false,0,0,training,,381
2026-02-11,Perplexity,lonboard,lonboard,product,What Python libraries can I use to create a dynamic map tile server?,60,true,false,1,1,web,https://developmentseed.org/titiler/,371
2026-02-11,Perplexity,lonboard,lonboard,product,How can I view large vector datasets in a jupyter notebook?,0,false,false,0,0,web,,539
2026-02-11,Perplexity,titiler,titiler,product,What is titiler and how does it serve map tiles from cloud-optimized geotiffs?,70,true,false,1,2,web,https://developmentseed.org/titiler/ | https://developmentseed.org/titiler/user_guide/getting_started/,398
2026-02-11,Perplexity,titiler,titiler,product,Best open source tools for dynamic raster tile serving,80,true,true,1,1,web,https://developmentseed.org/titiler/user_guide/getting_started/,456
2026-02-11,Perplexity,STAC,stac,technology,Open source tools for working with lots of geospatial data,0,false,false,0,0,web,,482
2026-02-11,Perplexity,STAC,stac,technology,How do I implement STAC?,0,false,false,0,0,web,,832
2026-02-11,Perplexity,STAC,stac,technology,What tools and libraries exist for working with STAC APIs?,50,true,true,3,0,web,,604
2026-02-11,Perplexity,Cloud Native Geospatial,cng,technology,How do I store and serve geospatial data in the cloud?,0,false,false,0,0,web,,713
2026-02-11,Perplexity,Cloud Native Geospatial,cng,technology,Experts in Cloud Native Geospatial,58,true,true,2,0,web,,513
2026-02-11,Perplexity,Cloud Native Geospatial,cng,technology,Best practices for storing raster data in the cloud,0,false,false,0,0,web,,707
2026-02-11,Perplexity,Satellite Imagery,satellite-imagery,trend,What are the best open source tools for processing satellite imagery?,0,false,false,0,0,web,,362
2026-02-11,Perplexity,Satellite Imagery,satellite-imagery,trend,What companies and organizations build tools for satellite imagery analysis?,0,false,false,0,0,web,,440
2026-02-11,Perplexity,Climate Data,climate-data,trend,How can I visualize and explore climate datasets using open source tools?,0,false,false,0,0,web,,614
2026-02-11,Perplexity,Climate Data,climate-data,trend,Best approaches for working with large-scale climate datasets in the cloud,0,false,false,0,0,web,,554
2026-02-11,Perplexity,Development Seed,development-seed,organization,Which companies are leaders in open source geospatial technology?,0,false,false,0,0,web,,439
2026-02-11,Gemini,lonboard,lonboard,product,What Python libraries can I use to create a dynamic map tile server?,50,true,true,3,0,web,,471
2026-02-11,Gemini,lonboard,lonboard,product,How can I view large vector datasets in a jupyter notebook?,0,false,false,0,0,web,,268
2026-02-11,Gemini,titiler,titiler,product,What is titiler and how does it serve map tiles from cloud-optimized geotiffs?,65,true,true,1,0,web,,351
2026-02-11,Gemini,titiler,titiler,product,Best open source tools for dynamic raster tile serving,65,true,true,1,0,web,,299
2026-02-11,Gemini,STAC,stac,technology,Open source tools for working with lots of geospatial data,0,false,false,0,0,web,,728
2026-02-11,Gemini,STAC,stac,technology,How do I implement STAC?,0,false,false,0,0,web,,836
2026-02-11,Gemini,STAC,stac,technology,What tools and libraries exist for working with STAC APIs?,50,true,true,3,0,web,,640
2026-02-11,Gemini,Cloud Native Geospatial,cng,technology,How do I store and serve geospatial data in the cloud?,0,false,false,0,0,web,,1329
2026-02-11,Gemini,Cloud Native Geospatial,cng,technology,Experts in Cloud Native Geospatial,0,false,false,0,0,web,,531
2026-02-11,Gemini,Cloud Native Geospatial,cng,technology,Best practices for storing raster data in the cloud,0,false,false,0,0,web,,921
2026-02-11,Gemini,Satellite Imagery,satellite-imagery,trend,What are the best open source tools for processing satellite imagery?,0,false,false,0,0,web,,771
2026-02-11,Gemini,Satellite Imagery,satellite-imagery,trend,What companies and organizations build tools for satellite imagery analysis?,0,false,false,0,0,web,,644
2026-02-11,Gemini,Climate Data,climate-data,trend,How can I visualize and explore climate datasets using open source tools?,0,false,false,0,0,web,,1227
2026-02-11,Gemini,Climate Data,climate-data,trend,Best approaches for working with large-scale climate datasets in the cloud,0,false,false,0,0,web,,881
2026-02-11,Gemini,Development Seed,development-seed,organization,Which companies are leaders in open source geospatial technology?,0,false,false,0,0,web,,485
2026-02-11,ChatGPT,lonboard,lonboard,product,What Python libraries can I use to create a dynamic map tile server?,0,false,false,0,0,web,,612
2026-02-11,ChatGPT,lonboard,lonboard,product,How can I view large vector datasets in a jupyter notebook?,0,false,false,0,0,web,,693
2026-02-11,ChatGPT,titiler,titiler,product,What is titiler and how does it serve map tiles from cloud-optimized geotiffs?,45,true,false,1,0,web,,713
2026-02-11,ChatGPT,titiler,titiler,product,Best open source tools for dynamic raster tile serving,0,false,false,0,0,web,,614
2026-02-11,ChatGPT,STAC,stac,technology,Open source tools for working with lots of geospatial data,0,false,false,0,0,web,,727
2026-02-11,ChatGPT,STAC,stac,technology,How do I implement STAC?,0,false,false,0,0,web,,661
2026-02-11,ChatGPT,STAC,stac,technology,What tools and libraries exist for working with STAC APIs?,0,false,false,0,0,web,,621
2026-02-11,ChatGPT,Cloud Native Geospatial,cng,technology,How do I store and serve geospatial data in the cloud?,0,false,false,0,0,web,,846
2026-02-11,ChatGPT,Cloud Native Geospatial,cng,technology,Experts in Cloud Native Geospatial,0,false,false,0,0,web,,701
2026-02-11,ChatGPT,Cloud Native Geospatial,cng,technology,Best practices for storing raster data in the cloud,0,false,false,0,0,web,,721
2026-02-11,ChatGPT,Satellite Imagery,satellite-imagery,trend,What are the best open source tools for processing satellite imagery?,0,false,false,0,0,web,,664
2026-02-11,ChatGPT,Satellite Imagery,satellite-imagery,trend,What companies and organizations build tools for satellite imagery analysis?,0,false,false,0,0,web,,544
2026-02-11,ChatGPT,Climate Data,climate-data,trend,How can I visualize and explore climate datasets using open source tools?,0,false,false,0,0,web,,800
2026-02-11,ChatGPT,Climate Data,climate-data,trend,Best approaches for working with large-scale climate datasets in the cloud,0,false,false,0,0,web,,935
2026-02-11,ChatGPT,Development Seed,development-seed,organization,Which companies are leaders in open source geospatial technology?,0,false,false,0,0,web,,506
2026-02-11,Claude,lonboard,lonboard,product,What Python libraries can I use to create a dynamic map tile server?,50,true,true,3,0,training,,640
2026-02-11,Claude,lonboard,lonboard,product,How can I view large vector datasets in a jupyter notebook?,0,false,false,0,0,training,,970
2026-02-11,Claude,titiler,titiler,product,What is titiler and how does it serve map tiles from cloud-optimized geotiffs?,45,true,false,1,0,training,,766
2026-02-11,Claude,titiler,titiler,product,Best open source tools for dynamic raster tile serving,65,true,true,1,0,training,,664
2026-02-11,Claude,STAC,stac,technology,Open source tools for working with lots of geospatial data,0,false,false,0,0,training,,766
2026-02-11,Claude,STAC,stac,technology,How do I implement STAC?,0,false,false,0,0,training,,944
2026-02-11,Claude,STAC,stac,technology,What tools and libraries exist for working with STAC APIs?,50,true,true,4,0,training,,941
2026-02-11,Claude,Cloud Native Geospatial,cng,technology,How do I store and serve geospatial data in the cloud?,0,false,false,0,0,training,,1046
2026-02-11,Claude,Cloud Native Geospatial,cng,technology,Experts in Cloud Native Geospatial,50,true,true,3,0,training,,414
2026-02-11,Claude,Cloud Native Geospatial,cng,technology,Best practices for storing raster data in the cloud,50,true,true,3,0,training,,1041
2026-02-11,Claude,Satellite Imagery,satellite-imagery,trend,What are the best open source tools for processing satellite imagery?,0,false,false,0,0,training,,392
2026-02-11,Claude,Satellite Imagery,satellite-imagery,trend,What companies and organizations build tools for satellite imagery analysis?,0,false,false,0,0,training,,387
2026-02-11,Claude,Climate Data,climate-data,trend,How can I visualize and explore climate datasets using open source tools?,0,false,false,0,0,training,,642
2026-02-11,Claude,Climate Data,climate-data,trend,Best approaches for working with large-scale climate datasets in the cloud,0,false,false,0,0,training,,1044
2026-02-11,Claude,Development Seed,development-seed,organization,Which companies are leaders in open source geospatial technology?,0,false,false,0,0,training,,359
2026-02-12,Perplexity,lonboard,lonboard,product,What Python libraries can I use to create a dynamic map tile server?,60,true,false,1,1,web,https://developmentseed.org/titiler/,486
2026-02-12,Perplexity,lonboard,lonboard,product,How can I view large vector datasets in a jupyter notebook?,0,false,false,0,0,web,,636
2026-02-12,Perplexity,titiler,titiler,product,What is titiler and how does it serve map tiles from cloud-optimized geotiffs?,70,true,false,1,2,web,https://developmentseed.org/titiler/ | https://developmentseed.org/titiler/user_guide/getting_started/,692
2026-02-12,Perplexity,titiler,titiler,product,Best open source tools for dynamic raster tile serving,80,true,true,1,1,web,https://developmentseed.org/titiler/,402
2026-02-12,Perplexity,STAC,stac,technology,Open source tools for working with lots of geospatial data,0,false,false,0,0,web,,472
2026-02-12,Perplexity,STAC,stac,technology,How do I implement STAC?,0,false,false,0,0,web,,757
2026-02-12,Perplexity,STAC,stac,technology,What tools and libraries exist for working with STAC APIs?,0,false,false,0,0,web,,516
2026-02-12,Perplexity,Cloud Native Geospatial,cng,technology,How do I store and serve geospatial data in the cloud?,0,false,false,0,0,web,,576
2026-02-12,Perplexity,Cloud Native Geospatial,cng,technology,Experts in Cloud Native Geospatial,58,true,true,2,0,web,,547
2026-02-12,Perplexity,Cloud Native Geospatial,cng,technology,Best practices for storing raster data in the cloud,0,false,false,0,0,web,,520
2026-02-12,Perplexity,Satellite Imagery,satellite-imagery,trend,What are the best open source tools for processing satellite imagery?,0,false,false,0,0,web,,500
2026-02-12,Perplexity,Satellite Imagery,satellite-imagery,trend,What companies and organizations build tools for satellite imagery analysis?,0,false,false,0,0,web,,577
2026-02-12,Perplexity,Climate Data,climate-data,trend,How can I visualize and explore climate datasets using open source tools?,0,false,false,0,0,web,,460
2026-02-12,Perplexity,Climate Data,climate-data,trend,Best approaches for working with large-scale climate datasets in the cloud,0,false,false,0,0,web,,525
2026-02-12,Perplexity,Development Seed,development-seed,organization,Which companies are leaders in open source geospatial technology?,0,false,false,0,0,web,,273
2026-02-12,Gemini,lonboard,lonboard,product,What Python libraries can I use to create a dynamic map tile server?,65,true,true,1,0,web,,832
2026-02-12,Gemini,lonboard,lonboard,product,How can I view large vector datasets in a jupyter notebook?,0,false,false,0,0,web,,669
2026-02-12,Gemini,titiler,titiler,product,What is titiler and how does it serve map tiles from cloud-optimized geotiffs?,65,true,true,1,0,web,,548
2026-02-12,Gemini,titiler,titiler,product,Best open source tools for dynamic raster tile serving,65,true,true,1,0,web,,398
2026-02-12,Gemini,STAC,stac,technology,Open source tools for working with lots of geospatial data,0,false,false,0,0,web,,610
2026-02-12,Gemini,STAC,stac,technology,How do I implement STAC?,0,false,false,0,0,web,,985
2026-02-12,Gemini,STAC,stac,technology,What tools and libraries exist for working with STAC APIs?,0,false,false,0,0,web,,646
2026-02-12,Gemini,Cloud Native Geospatial,cng,technology,How do I store and serve geospatial data in the cloud?,0,false,false,0,0,web,,1268
2026-02-12,Gemini,Cloud Native Geospatial,cng,technology,Experts in Cloud Native Geospatial,0,false,false,0,0,web,,496
2026-02-12,Gemini,Cloud Native Geospatial,cng,technology,Best practices for storing raster data in the cloud,0,false,false,0,0,web,,895
2026-02-12,Gemini,Satellite Imagery,satellite-imagery,trend,What are the best open source tools for processing satellite imagery?,0,false,false,0,0,web,,631
2026-02-12,Gemini,Satellite Imagery,satellite-imagery,trend,What companies and organizations build tools for satellite imagery analysis?,0,false,false,0,0,web,,445
2026-02-12,Gemini,Climate Data,climate-data,trend,How can I visualize and explore climate datasets using open source tools?,0,false,false,0,0,web,,439
2026-02-12,Gemini,Climate Data,climate-data,trend,Best approaches for working with large-scale climate datasets in the cloud,0,false,false,0,0,web,,911
2026-02-12,Gemini,Development Seed,development-seed,organization,Which companies are leaders in open source geospatial technology?,0,false,false,0,0,web,,460
2026-02-12,ChatGPT,lonboard,lonboard,product,What Python libraries can I use to create a dynamic map tile server?,0,false,false,0,0,web,,661
2026-02-12,ChatGPT,lonboard,lonboard,product,How can I view large vector datasets in a jupyter notebook?,0,false,false,0,0,web,,864
2026-02-12,ChatGPT,titiler,titiler,product,What is titiler and how does it serve map tiles from cloud-optimized geotiffs?,65,true,true,1,0,web,,787
2026-02-12,ChatGPT,titiler,titiler,product,Best open source tools for dynamic raster tile serving,0,false,false,0,0,web,,542
2026-02-12,ChatGPT,STAC,stac,technology,Open source tools for working with lots of geospatial data,0,false,false,0,0,web,,661
2026-02-12,ChatGPT,STAC,stac,technology,How do I implement STAC?,0,false,false,0,0,web,,851
2026-02-12,ChatGPT,STAC,stac,technology,What tools and libraries exist for working with STAC APIs?,0,false,false,0,0,web,,679
2026-02-12,ChatGPT,Cloud Native Geospatial,cng,technology,How do I store and serve geospatial data in the cloud?,0,false,false,0,0,web,,818
2026-02-12,ChatGPT,Cloud Native Geospatial,cng,technology,Experts in Cloud Native Geospatial,0,false,false,0,0,web,,591
2026-02-12,ChatGPT,Cloud Native Geospatial,cng,technology,Best practices for storing raster data in the cloud,0,false,false,0,0,web,,770
2026-02-12,ChatGPT,Satellite Imagery,satellite-imagery,trend,What are the best open source tools for processing satellite imagery?,0,false,false,0,0,web,,608
2026-02-12,ChatGPT,Satellite Imagery,satellite-imagery,trend,What companies and organizations build tools for satellite imagery analysis?,0,false,false,0,0,web,,612
2026-02-12,ChatGPT,Climate Data,climate-data,trend,How can I visualize and explore climate datasets using open source tools?,0,false,false,0,0,web,,843
2026-02-12,ChatGPT,Climate Data,climate-data,trend,Best approaches for working with large-scale climate datasets in the cloud,0,false,false,0,0,web,,762
2026-02-12,ChatGPT,Development Seed,development-seed,organization,Which companies are leaders in open source geospatial technology?,0,false,false,0,0,web,,510
2026-02-12,Claude,lonboard,lonboard,product,What Python libraries can I use to create a dynamic map tile server?,58,true,true,2,0,training,,611
2026-02-12,Claude,lonboard,lonboard,product,How can I view large vector datasets in a jupyter notebook?,0,false,false,0,0,training,,1043
2026-02-12,Claude,titiler,titiler,product,What is titiler and how does it serve map tiles from cloud-optimized geotiffs?,45,true,false,1,0,training,,719
2026-02-12,Claude,titiler,titiler,product,Best open source tools for dynamic raster tile serving,58,true,true,2,0,training,,739
2026-02-12,Claude,STAC,stac,technology,Open source tools for working with lots of geospatial data,0,false,false,0,0,training,,526
2026-02-12,Claude,STAC,stac,technology,How do I implement STAC?,0,false,false,0,0,training,,1039
2026-02-12,Claude,STAC,stac,technology,What tools and libraries exist for working with STAC APIs?,0,false,false,0,0,training,,674
2026-02-12,Claude,Cloud Native Geospatial,cng,technology,How do I store and serve geospatial data in the cloud?,0,false,false,0,0,training,,505
2026-02-12,Claude,Cloud Native Geospatial,cng,technology,Experts in Cloud Native Geospatial,50,true,true,4,0,training,,412
2026-02-12,Claude,Cloud Native Geospatial,cng,technology,Best practices for storing raster data in the cloud,0,false,false,0,0,training,,1041
2026-02-12,Claude,Satellite Imagery,satellite-imagery,trend,What are the best open source tools for processing satellite imagery?,0,false,false,0,0,training,,387
2026-02-12,Claude,Satellite Imagery,satellite-imagery,trend,What companies and organizations build tools for satellite imagery analysis?,0,false,false,0,0,training,,378
2026-02-12,Claude,Climate Data,climate-data,trend,How can I visualize and explore climate datasets using open source tools?,0,false,false,0,0,training,,668
2026-02-12,Claude,Climate Data,climate-data,trend,Best approaches for working with large-scale climate datasets in the cloud,0,false,false,0,0,training,,1044
2026-02-12,Claude,Development Seed,development-seed,organization,Which companies are leaders in open source geospatial technology?,0,false,false,0,0,training,,351
